,genres,href,id,images,name,popularity,type,uri,external_urls.spotify,followers.href,followers.total
0,"['alternative r&b', 'indie soul']",https://api.spotify.com/v1/artists/3ycxRkcZ67ALN3GQJ57Vig,3ycxRkcZ67ALN3GQJ57Vig,"[{'height': 640, 'url': 'https://i.scdn.co/image/a6c178d534df105c8697955ad7a398858d5bbbaa', 'width': 640}, {'height': 320, 'url': 'https://i.scdn.co/image/389ea0061a1935ee9c3b3d0f4df55732247a3ec6', 'width': 320}, {'height': 160, 'url': 'https://i.scdn.co/image/650e50931f30d9394648a5a75d6e925dfea9c10e', 'width': 160}]",Masego,74,artist,spotify:artist:3ycxRkcZ67ALN3GQJ57Vig,https://open.spotify.com/artist/3ycxRkcZ67ALN3GQJ57Vig,,609448
1,"['chamber pop', 'freak folk', 'indie folk', 'indie pop', 'indie rock', 'modern rock', 'seattle indie', 'stomp and holler']",https://api.spotify.com/v1/artists/4EVpmkEwrLYEg6jIsiPMIb,4EVpmkEwrLYEg6jIsiPMIb,"[{'height': 640, 'url': 'https://i.scdn.co/image/955f9aedff448f3987bc17c342bd91311de9d0b2', 'width': 640}, {'height': 320, 'url': 'https://i.scdn.co/image/44b5309c164bb28be7acd2fbcff43d1ff9c9fecb', 'width': 320}, {'height': 160, 'url': 'https://i.scdn.co/image/f7f698db0d9b139ab516ee489381ccb6b1da8dfc', 'width': 160}]",Fleet Foxes,67,artist,spotify:artist:4EVpmkEwrLYEg6jIsiPMIb,https://open.spotify.com/artist/4EVpmkEwrLYEg6jIsiPMIb,,977965
2,"['alternative r&b', 'hip hop', 'lgbtq+ hip hop', 'neo soul', 'pop']",https://api.spotify.com/v1/artists/2h93pZq0e7k5yf4dywlkpM,2h93pZq0e7k5yf4dywlkpM,"[{'height': 640, 'url': 'https://i.scdn.co/image/7db34c8aace6feb91f38601bb75e6b3301b4657a', 'width': 640}, {'height': 320, 'url': 'https://i.scdn.co/image/0cc22250c0b18183e5c62f240a5756ec5226dee1', 'width': 320}, {'height': 160, 'url': 'https://i.scdn.co/image/e42028e7fe5a7ba790b5b4e7b096b06bf3319443', 'width': 160}]",Frank Ocean,87,artist,spotify:artist:2h93pZq0e7k5yf4dywlkpM,https://open.spotify.com/artist/2h93pZq0e7k5yf4dywlkpM,,5925026
3,"['gauze pop', 'progressive house', 'tropical house']",https://api.spotify.com/v1/artists/27gtK7m9vYwCyJ04zz0kIb,27gtK7m9vYwCyJ04zz0kIb,"[{'height': 640, 'url': 'https://i.scdn.co/image/1d0cd466696e399b43fb5013d625f3b63dbe8c3f', 'width': 640}, {'height': 320, 'url': 'https://i.scdn.co/image/671961443fd9dc114989382fecc81a1d7a2066f0', 'width': 320}, {'height': 160, 'url': 'https://i.scdn.co/image/031a95a6e52d8182b687f38cac5b6c8f87a28995', 'width': 160}]",Lane 8,69,artist,spotify:artist:27gtK7m9vYwCyJ04zz0kIb,https://open.spotify.com/artist/27gtK7m9vYwCyJ04zz0kIb,,185372
4,"['funk', 'neo-psychedelic', 'soul']",https://api.spotify.com/v1/artists/2mVVjNmdjXZZDvhgQWiakk,2mVVjNmdjXZZDvhgQWiakk,"[{'height': 640, 'url': 'https://i.scdn.co/image/865c453789287d6d52e59d84d8563c8c2c9d2efe', 'width': 640}, {'height': 320, 'url': 'https://i.scdn.co/image/4753357726b7747f94a410bab9756dcb6e4aa2a2', 'width': 320}, {'height': 160, 'url': 'https://i.scdn.co/image/6cda3715ceb522cd4d55f8b4d101d6dec0d37903', 'width': 160}]",Khruangbin,77,artist,spotify:artist:2mVVjNmdjXZZDvhgQWiakk,https://open.spotify.com/artist/2mVVjNmdjXZZDvhgQWiakk,,626691
5,"['electropop', 'indie folk', 'indie pop', 'indie rock', 'la indie', 'modern rock', 'rock', 'shimmer pop', 'stomp and holler', 'vapor soul']",https://api.spotify.com/v1/artists/75dQReiBOHN37fQgWQrIAJ,75dQReiBOHN37fQgWQrIAJ,"[{'height': 640, 'url': 'https://i.scdn.co/image/7d90d2214f3b3a47ed43fbedf4d43d945522b8cc', 'width': 640}, {'height': 320, 'url': 'https://i.scdn.co/image/f7bb410d69d76d1440db1538675ba4550d392cb9', 'width': 320}, {'height': 160, 'url': 'https://i.scdn.co/image/7de5f4682d779d2ec2734384d7874a20e11469aa', 'width': 160}]",Local Natives,67,artist,spotify:artist:75dQReiBOHN37fQgWQrIAJ,https://open.spotify.com/artist/75dQReiBOHN37fQgWQrIAJ,,501839
6,['chillhop'],https://api.spotify.com/v1/artists/6vXJ4kIg2HlqsSfX3S1RHV,6vXJ4kIg2HlqsSfX3S1RHV,"[{'height': 640, 'url': 'https://i.scdn.co/image/97d9c0f5cc8b7e2397cecd22734b0de327239c1a', 'width': 640}, {'height': 320, 'url': 'https://i.scdn.co/image/56bbca3eeee840cbb2757badd173a45841b49e69', 'width': 320}, {'height': 160, 'url': 'https://i.scdn.co/image/2b146e8dbbb4e328281423999e04db661edad7ff', 'width': 160}]",Mtbrd,47,artist,spotify:artist:6vXJ4kIg2HlqsSfX3S1RHV,https://open.spotify.com/artist/6vXJ4kIg2HlqsSfX3S1RHV,,12958
7,"['vapor soul', 'vapor twitch']",https://api.spotify.com/v1/artists/5ar4zFgUQG1RsH8nhmjOeM,5ar4zFgUQG1RsH8nhmjOeM,"[{'height': 640, 'url': 'https://i.scdn.co/image/a5e299c2c5e48bd8e907a740138b63003b28c257', 'width': 640}, {'height': 320, 'url': 'https://i.scdn.co/image/cbd5b167dbb58bf68288d10515460969d2c1ba4c', 'width': 320}, {'height': 160, 'url': 'https://i.scdn.co/image/9ee625c6ba4c81b3c356fc8e584d93776ca6e254', 'width': 160}]",Robotaki,54,artist,spotify:artist:5ar4zFgUQG1RsH8nhmjOeM,https://open.spotify.com/artist/5ar4zFgUQG1RsH8nhmjOeM,,36258
8,"['chillwave', 'downtempo', 'electronica', 'indietronica', 'intelligent dance music']",https://api.spotify.com/v1/artists/5oOhM2DFWab8XhSdQiITry,5oOhM2DFWab8XhSdQiITry,"[{'height': 640, 'url': 'https://i.scdn.co/image/460f8dd62e2cfb4df17e05bf97471a596a28eeda', 'width': 640}, {'height': 320, 'url': 'https://i.scdn.co/image/80ba51f8c16442d839a0ed99d6c3e40730fe8c81', 'width': 320}, {'height': 160, 'url': 'https://i.scdn.co/image/cc3f07038fe794f40523bc19fedd181ff48e2f78', 'width': 160}]",Tycho,66,artist,spotify:artist:5oOhM2DFWab8XhSdQiITry,https://open.spotify.com/artist/5oOhM2DFWab8XhSdQiITry,,563607
9,"['deep house', 'deep tropical house', 'indie poptimism', 'new french touch', 'tropical house', 'vapor soul']",https://api.spotify.com/v1/artists/7MlotYZhHjOlXcvmwrITj8,7MlotYZhHjOlXcvmwrITj8,"[{'height': 640, 'url': 'https://i.scdn.co/image/ee9f4125756d2c0c0e92c0c228316d33c74ebb79', 'width': 640}, {'height': 320, 'url': 'https://i.scdn.co/image/4d3598b9bda59ebd086504cb4a3fb22a34371ea4', 'width': 320}, {'height': 160, 'url': 'https://i.scdn.co/image/df5315b9434551e0cd708046ca28a5d68206f191', 'width': 160}]",Tep No,63,artist,spotify:artist:7MlotYZhHjOlXcvmwrITj8,https://open.spotify.com/artist/7MlotYZhHjOlXcvmwrITj8,,69313
10,"['modern blues', 'soul']",https://api.spotify.com/v1/artists/3qnGvpP8Yth1AqSBMqON5x,3qnGvpP8Yth1AqSBMqON5x,"[{'height': 640, 'url': 'https://i.scdn.co/image/2ef080e352a66846b67fc5c57701e33d4942eae2', 'width': 640}, {'height': 320, 'url': 'https://i.scdn.co/image/cda9131eb6fd9b0edfae8f750610c120d02b011b', 'width': 320}, {'height': 160, 'url': 'https://i.scdn.co/image/c05f19be6a1bbf685dafeedb9e40685cb0aa3fc0', 'width': 160}]",Leon Bridges,78,artist,spotify:artist:3qnGvpP8Yth1AqSBMqON5x,https://open.spotify.com/artist/3qnGvpP8Yth1AqSBMqON5x,,1024594
11,"['electropop', 'indie folk', 'indie pop', 'indie poptimism', 'indietronica', 'nyc pop', 'stomp and holler', 'vapor soul']",https://api.spotify.com/v1/artists/7FU0xCgmSYQEiBeevUqQ4S,7FU0xCgmSYQEiBeevUqQ4S,"[{'height': 640, 'url': 'https://i.scdn.co/image/bd51e73ef59209a97823135f3b65556adbe11062', 'width': 640}, {'height': 320, 'url': 'https://i.scdn.co/image/7ea00710aafcec57da6b212597f74a58fb7a27a6', 'width': 320}, {'height': 160, 'url': 'https://i.scdn.co/image/f1c42d3b6480f1479f20864200be20961e0be58c', 'width': 160}]",Yoke Lore,66,artist,spotify:artist:7FU0xCgmSYQEiBeevUqQ4S,https://open.spotify.com/artist/7FU0xCgmSYQEiBeevUqQ4S,,89478
12,"['bay area indie', 'chillwave', 'indie pop', 'indie poptimism', 'indie rock', 'indietronica', 'oakland indie', 'shimmer pop']",https://api.spotify.com/v1/artists/4ptJIIR10UVlGjN0VntFaK,4ptJIIR10UVlGjN0VntFaK,"[{'height': 640, 'url': 'https://i.scdn.co/image/2c2426dc5b4c430472cdaafe059e3a6cbde70906', 'width': 640}, {'height': 320, 'url': 'https://i.scdn.co/image/0227e1a7dcaf03005bfe25ffd53fb3467fb460e3', 'width': 320}, {'height': 160, 'url': 'https://i.scdn.co/image/bfae3153931c1499d09d38bf3b294a0531e60399', 'width': 160}]",Day Wave,58,artist,spotify:artist:4ptJIIR10UVlGjN0VntFaK,https://open.spotify.com/artist/4ptJIIR10UVlGjN0VntFaK,,89764
13,"['french shoegaze', 'metropopolis', 'neo-synthpop']",https://api.spotify.com/v1/artists/63MQldklfxkjYDoUE4Tppz,63MQldklfxkjYDoUE4Tppz,"[{'height': 640, 'url': 'https://i.scdn.co/image/ad6186e7279ea9609926e92c05688cf89312ae4e', 'width': 640}, {'height': 320, 'url': 'https://i.scdn.co/image/cb6f1c1fa5fa6351cd082f5469090dd635b64ae2', 'width': 320}, {'height': 160, 'url': 'https://i.scdn.co/image/415d9c9ed43df95f53f8ca48e0f69b24cfc5dca2', 'width': 160}]",M83,75,artist,spotify:artist:63MQldklfxkjYDoUE4Tppz,https://open.spotify.com/artist/63MQldklfxkjYDoUE4Tppz,,1726426
14,"['edm', 'electropop', 'indie poptimism', 'pop', 'tropical house']",https://api.spotify.com/v1/artists/7wg1qvie3KqDNQbAkTdbX0,7wg1qvie3KqDNQbAkTdbX0,"[{'height': 640, 'url': 'https://i.scdn.co/image/4999bba728b08bce50c2e2caffa51c5827e1a70c', 'width': 640}, {'height': 320, 'url': 'https://i.scdn.co/image/cfc3d9d527fded6b0703611002470192aaeb4d7c', 'width': 320}, {'height': 160, 'url': 'https://i.scdn.co/image/29553a6d021ed41ff7d25f3dfcb045d1dd72c225', 'width': 160}]",Louis The Child,76,artist,spotify:artist:7wg1qvie3KqDNQbAkTdbX0,https://open.spotify.com/artist/7wg1qvie3KqDNQbAkTdbX0,,363521
15,"['brostep', 'canadian electronic', 'edm', 'electro house', 'electronic trap', 'electropop', 'pop', 'pop edm', 'vapor twitch']",https://api.spotify.com/v1/artists/0Y0QSi6lz1bPik5Ffjr8sd,0Y0QSi6lz1bPik5Ffjr8sd,"[{'height': 640, 'url': 'https://i.scdn.co/image/581f16487ebf95f4ccf5c1d898563d5f8a9c6adf', 'width': 640}, {'height': 320, 'url': 'https://i.scdn.co/image/fc725d1039716f422d08a16c4819cad6728fb341', 'width': 320}, {'height': 160, 'url': 'https://i.scdn.co/image/414bab19e71aeb52712739dd306f3a358525a482', 'width': 160}]",Ekali,62,artist,spotify:artist:0Y0QSi6lz1bPik5Ffjr8sd,https://open.spotify.com/artist/0Y0QSi6lz1bPik5Ffjr8sd,,111877
16,"['alternative dance', 'art pop', 'chillwave', 'indie pop', 'indie soul', 'indietronica', 'new rave', 'nu gaze']",https://api.spotify.com/v1/artists/6O4EGCCb6DoIiR6B1QCQgp,6O4EGCCb6DoIiR6B1QCQgp,"[{'height': 640, 'url': 'https://i.scdn.co/image/068b15a189f56edf7845a79003f5982286d30e4a', 'width': 640}, {'height': 320, 'url': 'https://i.scdn.co/image/69babf451e6aef7e3e0674546e088b3b71338770', 'width': 320}, {'height': 160, 'url': 'https://i.scdn.co/image/2f8ab227ca4d853b2253b414ca04ca53962bbea7', 'width': 160}]",Toro y Moi,70,artist,spotify:artist:6O4EGCCb6DoIiR6B1QCQgp,https://open.spotify.com/artist/6O4EGCCb6DoIiR6B1QCQgp,,515790
17,"['electronic trap', 'vapor twitch']",https://api.spotify.com/v1/artists/4OHaWpWPKDcZgOOUn9elFn,4OHaWpWPKDcZgOOUn9elFn,"[{'height': 640, 'url': 'https://i.scdn.co/image/d600d7c0886f91afb81597d688d08eabf7157860', 'width': 640}, {'height': 320, 'url': 'https://i.scdn.co/image/300333e0bb071871b75919f6925a05e6d0a12c11', 'width': 320}, {'height': 160, 'url': 'https://i.scdn.co/image/30b2d6078bcb8ae4d1332c5b8e2e4963e563b161', 'width': 160}]",Mr. Carmack,50,artist,spotify:artist:4OHaWpWPKDcZgOOUn9elFn,https://open.spotify.com/artist/4OHaWpWPKDcZgOOUn9elFn,,71340
18,"['indie folk', 'indie pop', 'indie rock', 'modern rock', 'stomp and holler']",https://api.spotify.com/v1/artists/0OdUWJ0sBjDrqHygGUXeCF,0OdUWJ0sBjDrqHygGUXeCF,"[{'height': 640, 'url': 'https://i.scdn.co/image/0f9a5013134de288af7d49a962417f4200539b47', 'width': 640}, {'height': 320, 'url': 'https://i.scdn.co/image/8ae35be1043f330173de198c35a49161337e829c', 'width': 320}, {'height': 160, 'url': 'https://i.scdn.co/image/602dd7b3a2ee3f3fd86c6c4f50ab9b5a82e23c59', 'width': 160}]",Band of Horses,65,artist,spotify:artist:0OdUWJ0sBjDrqHygGUXeCF,https://open.spotify.com/artist/0OdUWJ0sBjDrqHygGUXeCF,,807466
19,"['art pop', 'electronica', 'indie r&b', 'indie soul', 'indietronica', 'uk alternative pop']",https://api.spotify.com/v1/artists/53KwLdlmrlCelAZMaLVZqU,53KwLdlmrlCelAZMaLVZqU,"[{'height': 640, 'url': 'https://i.scdn.co/image/e13f57a5bd0b78242ed78935cece93eb97456c6f', 'width': 640}, {'height': 320, 'url': 'https://i.scdn.co/image/133cf56072cde62a0cdb240f02f11fdf36a2dd0c', 'width': 320}, {'height': 160, 'url': 'https://i.scdn.co/image/a3b6630bec88e31f622b22fae77f574e4a36b716', 'width': 160}]",James Blake,74,artist,spotify:artist:53KwLdlmrlCelAZMaLVZqU,https://open.spotify.com/artist/53KwLdlmrlCelAZMaLVZqU,,1005604
20,"['house', 'pop', 'tropical house', 'uk dance']",https://api.spotify.com/v1/artists/6nS5roXSAGhTGr34W6n7Et,6nS5roXSAGhTGr34W6n7Et,"[{'height': 640, 'url': 'https://i.scdn.co/image/cde64861a67aa8de5e33c5290d30cf40b4caa36e', 'width': 640}, {'height': 320, 'url': 'https://i.scdn.co/image/b4ee4c19a731d4ef62735e70ccc76a363ac56d64', 'width': 320}, {'height': 160, 'url': 'https://i.scdn.co/image/e1310856614e1b402c2ab418f57bce476cdf9fc7', 'width': 160}]",Disclosure,82,artist,spotify:artist:6nS5roXSAGhTGr34W6n7Et,https://open.spotify.com/artist/6nS5roXSAGhTGr34W6n7Et,,1754865
21,"['electropop', 'indie poptimism', 'indietronica', 'modern alternative rock', 'modern rock', 'vapor soul']",https://api.spotify.com/v1/artists/5Lhxlge1CR1DrgDAje8Qaw,5Lhxlge1CR1DrgDAje8Qaw,"[{'height': 640, 'url': 'https://i.scdn.co/image/a95db2c829705a7f490290aa145aa1541f309053', 'width': 640}, {'height': 320, 'url': 'https://i.scdn.co/image/27cc7d121cee2876987dec6785f5d153b2681b4b', 'width': 320}, {'height': 160, 'url': 'https://i.scdn.co/image/f3b044da4b7db23dd66b65038be0896b0e3fc2d8', 'width': 160}]",NoMBe,66,artist,spotify:artist:5Lhxlge1CR1DrgDAje8Qaw,https://open.spotify.com/artist/5Lhxlge1CR1DrgDAje8Qaw,,137879
22,"['alternative r&b', 'edm', 'electropop', 'indie poptimism', 'indie soul', 'indietronica', 'new french touch', 'tropical house', 'vapor soul', 'vapor twitch']",https://api.spotify.com/v1/artists/28yVvEvA2lT3K5RNIhV1Dj,28yVvEvA2lT3K5RNIhV1Dj,"[{'height': 640, 'url': 'https://i.scdn.co/image/0e91cb78b9967e5b45f9a2971ab9d3519ded5c86', 'width': 640}, {'height': 320, 'url': 'https://i.scdn.co/image/e5cb762bb0cf7166707e9b066a3d4dd08ea586e9', 'width': 320}, {'height': 160, 'url': 'https://i.scdn.co/image/f01a99de0889258667d33f9a41c310bfc0a1edb3', 'width': 160}]",BAYNK,65,artist,spotify:artist:28yVvEvA2lT3K5RNIhV1Dj,https://open.spotify.com/artist/28yVvEvA2lT3K5RNIhV1Dj,,62716
23,['pop'],https://api.spotify.com/v1/artists/5IH6FPUwQTxPSXurCrcIov,5IH6FPUwQTxPSXurCrcIov,"[{'height': 640, 'url': 'https://i.scdn.co/image/3456c9584254a3269549795b0bd63e841a86e974', 'width': 640}, {'height': 320, 'url': 'https://i.scdn.co/image/0ecf06ff8b3c2de5a75c74ba63950527ac865261', 'width': 320}, {'height': 160, 'url': 'https://i.scdn.co/image/e36715c0f8961415579186584a5b0c3f06eaf183', 'width': 160}]",Alec Benjamin,83,artist,spotify:artist:5IH6FPUwQTxPSXurCrcIov,https://open.spotify.com/artist/5IH6FPUwQTxPSXurCrcIov,,1759655
24,"['gauze pop', 'modern rock', 'shiver pop']",https://api.spotify.com/v1/artists/4yvcSjfu4PC0CYQyLy4wSq,4yvcSjfu4PC0CYQyLy4wSq,"[{'height': 640, 'url': 'https://i.scdn.co/image/f282504561b0c2b2ec74925793bbf132982e9098', 'width': 640}, {'height': 320, 'url': 'https://i.scdn.co/image/43889206b3aab1e168d664ff9a2a30c5d4e50055', 'width': 320}, {'height': 160, 'url': 'https://i.scdn.co/image/ebfc603dcc3c1efc110fc0563aa31121a2033804', 'width': 160}]",Glass Animals,76,artist,spotify:artist:4yvcSjfu4PC0CYQyLy4wSq,https://open.spotify.com/artist/4yvcSjfu4PC0CYQyLy4wSq,,1165342
25,"['downtempo', 'electronica', 'livetronica', 'nu jazz', 'trip hop']",https://api.spotify.com/v1/artists/6HCnsY0Rxi3cg53xreoAIm,6HCnsY0Rxi3cg53xreoAIm,"[{'height': 640, 'url': 'https://i.scdn.co/image/462786c3ee42d34b975c994e4bbbf0b9f3199a02', 'width': 640}, {'height': 320, 'url': 'https://i.scdn.co/image/ff84773b8068b2c080c68bc6125c5a91d1fed0d1', 'width': 320}, {'height': 160, 'url': 'https://i.scdn.co/image/6ec0143dcd6643094a60bed351514ba06f2afa96', 'width': 160}]",Emancipator,63,artist,spotify:artist:6HCnsY0Rxi3cg53xreoAIm,https://open.spotify.com/artist/6HCnsY0Rxi3cg53xreoAIm,,295411
26,['la indie'],https://api.spotify.com/v1/artists/0LklyUMMUhpIjMgYHlV0hN,0LklyUMMUhpIjMgYHlV0hN,"[{'height': 640, 'url': 'https://i.scdn.co/image/5d7f745146139e0dc1ff098df711be9a9702adb8', 'width': 640}, {'height': 320, 'url': 'https://i.scdn.co/image/b47fc925a50864cc909b91fc312c8be6f673ee7d', 'width': 320}, {'height': 160, 'url': 'https://i.scdn.co/image/f8f11f8394fa54b5035bb7833006468466e1bdf0', 'width': 160}]",Chicano Batman,58,artist,spotify:artist:0LklyUMMUhpIjMgYHlV0hN,https://open.spotify.com/artist/0LklyUMMUhpIjMgYHlV0hN,,139632
27,"['electronica', 'future garage', 'indie soul', 'indietronica', 'new rave']",https://api.spotify.com/v1/artists/7A0awCXkE1FtSU8B0qwOJQ,7A0awCXkE1FtSU8B0qwOJQ,"[{'height': 640, 'url': 'https://i.scdn.co/image/0f3e2bba969cf51ab4dcde8adf70af197803eceb', 'width': 640}, {'height': 320, 'url': 'https://i.scdn.co/image/ed481a38fcaeb0908cc4ae12a539aae0672c0b69', 'width': 320}, {'height': 160, 'url': 'https://i.scdn.co/image/94163fc2bb78b2c3829ae1857c549c5b7c2e26ad', 'width': 160}]",Jamie xx,66,artist,spotify:artist:7A0awCXkE1FtSU8B0qwOJQ,https://open.spotify.com/artist/7A0awCXkE1FtSU8B0qwOJQ,,598195
28,"['indie anthem-folk', 'indie folk', 'indiecoustica', 'stomp and holler']",https://api.spotify.com/v1/artists/7IAFAOtc9kTYNTizhLSWM6,7IAFAOtc9kTYNTizhLSWM6,"[{'height': 640, 'url': 'https://i.scdn.co/image/a1e14f6030098a929ab292f37407763e6c526573', 'width': 640}, {'height': 320, 'url': 'https://i.scdn.co/image/4d3b7844232e52e2b78f9fd298c41d8b989dd833', 'width': 320}, {'height': 160, 'url': 'https://i.scdn.co/image/de471cccbf70a511d343bb64b408156697515867', 'width': 160}]",Hollow Coves,64,artist,spotify:artist:7IAFAOtc9kTYNTizhLSWM6,https://open.spotify.com/artist/7IAFAOtc9kTYNTizhLSWM6,,167444
29,"['big room', 'edm', 'electro house', 'pop', 'progressive house', 'tropical house']",https://api.spotify.com/v1/artists/60d24wfXkVzDSfLS6hyCjZ,60d24wfXkVzDSfLS6hyCjZ,"[{'height': 640, 'url': 'https://i.scdn.co/image/19b193e731a99776449d2b06742942e1e1f58fb2', 'width': 640}, {'height': 320, 'url': 'https://i.scdn.co/image/dcabac58f732c90f8dfb552344c98dcff53aff12', 'width': 320}, {'height': 160, 'url': 'https://i.scdn.co/image/d5eaed9a6f206fa5caefd42c6b4c7ce93900ae43', 'width': 160}]",Martin Garrix,86,artist,spotify:artist:60d24wfXkVzDSfLS6hyCjZ,https://open.spotify.com/artist/60d24wfXkVzDSfLS6hyCjZ,,13345964
30,"['electropop', 'indie poptimism', 'indietronica', 'new french touch', 'pop', 'tropical house', 'vapor soul']",https://api.spotify.com/v1/artists/7C3Cbtr2PkH2l4tOGhtCsk,7C3Cbtr2PkH2l4tOGhtCsk,"[{'height': 640, 'url': 'https://i.scdn.co/image/7f0f3e0101b6f051fbbc005fd68acd48389e9d9a', 'width': 640}, {'height': 320, 'url': 'https://i.scdn.co/image/ff20c435f77933f7397ea0fa93a3c89dda7e32fa', 'width': 320}, {'height': 160, 'url': 'https://i.scdn.co/image/6f66e3809309c96eda9669e3ee5b230c2cd389c8', 'width': 160}]",Shallou,71,artist,spotify:artist:7C3Cbtr2PkH2l4tOGhtCsk,https://open.spotify.com/artist/7C3Cbtr2PkH2l4tOGhtCsk,,137319
31,"['alternative r&b', 'edm', 'electropop', 'indie soul', 'new french touch', 'tropical house', 'vapor soul']",https://api.spotify.com/v1/artists/0GG2cWaonE4JPrjcCCQ1EG,0GG2cWaonE4JPrjcCCQ1EG,"[{'height': 640, 'url': 'https://i.scdn.co/image/6d1ba6e0c6a2639a6622d2c3519618c3d0d14f6b', 'width': 640}, {'height': 320, 'url': 'https://i.scdn.co/image/43a732407fc4410d98c2b70882096edfd63a2c37', 'width': 320}, {'height': 160, 'url': 'https://i.scdn.co/image/1181d0a001a9e63dd9c6135eab9c929f4ca5767a', 'width': 160}]",SG Lewis,73,artist,spotify:artist:0GG2cWaonE4JPrjcCCQ1EG,https://open.spotify.com/artist/0GG2cWaonE4JPrjcCCQ1EG,,189839
32,"['chillwave', 'electronica', 'indie soul', 'indietronica', 'new french touch', 'shimmer pop', 'tropical house', 'vapor soul']",https://api.spotify.com/v1/artists/2ABBMkcUeM9hdpimo86mo6,2ABBMkcUeM9hdpimo86mo6,"[{'height': 640, 'url': 'https://i.scdn.co/image/cf915c0d47aa4ca7e930d04d06990efe3dd855e8', 'width': 640}, {'height': 320, 'url': 'https://i.scdn.co/image/10ac8574c3fec049bfe65a568d240f0d4f64d489', 'width': 320}, {'height': 160, 'url': 'https://i.scdn.co/image/e7e79dd8e1ae56278c7f3447d3764943af99757b', 'width': 160}]",Tourist,63,artist,spotify:artist:2ABBMkcUeM9hdpimo86mo6,https://open.spotify.com/artist/2ABBMkcUeM9hdpimo86mo6,,104424
33,"['album rock', 'classic rock', 'mellow gold', 'rock', 'soft rock', 'yacht rock']",https://api.spotify.com/v1/artists/08GQAI4eElDnROBrJRGE0X,08GQAI4eElDnROBrJRGE0X,"[{'height': 640, 'url': 'https://i.scdn.co/image/8976b6b0aacba6f7859b1f0ab7bc0adcd6ea7444', 'width': 640}, {'height': 320, 'url': 'https://i.scdn.co/image/7316c71bf06332dc259e14ddce420b2b060e9c69', 'width': 320}, {'height': 160, 'url': 'https://i.scdn.co/image/4f7f18a93be4af82f876ff9ce79ede8a3cecd712', 'width': 160}]",Fleetwood Mac,84,artist,spotify:artist:08GQAI4eElDnROBrJRGE0X,https://open.spotify.com/artist/08GQAI4eElDnROBrJRGE0X,,4783976
34,"['alternative dance', 'art pop', 'chillwave', 'electronica', 'electropop', 'folktronica', 'indie rock', 'indie soul', 'indietronica', 'intelligent dance music', 'new rave']",https://api.spotify.com/v1/artists/4aEnNH9PuU1HF3TsZTru54,4aEnNH9PuU1HF3TsZTru54,"[{'height': 640, 'url': 'https://i.scdn.co/image/1a2fc54c4edb1b614458d213c4f9b8b280f091cd', 'width': 640}, {'height': 320, 'url': 'https://i.scdn.co/image/a0ccbf89bb9accbeace5c08044606cac288bbbb7', 'width': 320}, {'height': 160, 'url': 'https://i.scdn.co/image/df0a17ba43b15b79b35bac1bda7e632371060afe', 'width': 160}]",Caribou,67,artist,spotify:artist:4aEnNH9PuU1HF3TsZTru54,https://open.spotify.com/artist/4aEnNH9PuU1HF3TsZTru54,,478957
35,"['big room', 'edm', 'electro house', 'pop edm', 'progressive electro house', 'progressive house', 'tropical house']",https://api.spotify.com/v1/artists/4xnMDfgEmXZEEDdITKcGuE,4xnMDfgEmXZEEDdITKcGuE,"[{'height': 640, 'url': 'https://i.scdn.co/image/d84eb58603a7772fbf4e8e8a5bd9ac1f1a31043d', 'width': 640}, {'height': 320, 'url': 'https://i.scdn.co/image/68963c27aa21890b3d3b6c4b34b1baaedb0a3ee1', 'width': 320}, {'height': 160, 'url': 'https://i.scdn.co/image/3d0a2904f7020600e94285b7b4af45ec949307ab', 'width': 160}]",Audien,64,artist,spotify:artist:4xnMDfgEmXZEEDdITKcGuE,https://open.spotify.com/artist/4xnMDfgEmXZEEDdITKcGuE,,145052
36,['chillstep'],https://api.spotify.com/v1/artists/6HL3uLHjsLddvoSXVGDfbQ,6HL3uLHjsLddvoSXVGDfbQ,"[{'height': 640, 'url': 'https://i.scdn.co/image/c1d90e6a1cbde18e2e8f4944e41ed7f2258313d2', 'width': 640}, {'height': 320, 'url': 'https://i.scdn.co/image/2027e414c594fe0ec624b42510eeea2b37ef23f2', 'width': 320}, {'height': 160, 'url': 'https://i.scdn.co/image/6c102bc7ef7c1a969a8e5d9348f5bfe4f71ee6a3', 'width': 160}]",Sizzle Bird,45,artist,spotify:artist:6HL3uLHjsLddvoSXVGDfbQ,https://open.spotify.com/artist/6HL3uLHjsLddvoSXVGDfbQ,,14354
37,"['edm', 'electronic trap', 'electropop', 'indietronica', 'vapor soul', 'vapor twitch']",https://api.spotify.com/v1/artists/62vbsDRAq0qHdezaCOzB0T,62vbsDRAq0qHdezaCOzB0T,"[{'height': 640, 'url': 'https://i.scdn.co/image/c0dc757ca37caa4514184ec11f3f1153f682e2f3', 'width': 640}, {'height': 320, 'url': 'https://i.scdn.co/image/ff01c1f05247fee0f075d1d3f5733e8d825cf818', 'width': 320}, {'height': 160, 'url': 'https://i.scdn.co/image/861727429ac9e8a310d14cd96a9d85a91cb93c3d', 'width': 160}]",Medasin,66,artist,spotify:artist:62vbsDRAq0qHdezaCOzB0T,https://open.spotify.com/artist/62vbsDRAq0qHdezaCOzB0T,,77003
38,"['alternative rock', 'indie folk', 'indie pop', 'indie rock', 'modern folk rock', 'modern rock', 'philly indie', 'shimmer pop', 'stomp and holler']",https://api.spotify.com/v1/artists/4mLJ3XfOM5FPjSAWdQ2Jk7,4mLJ3XfOM5FPjSAWdQ2Jk7,"[{'height': 640, 'url': 'https://i.scdn.co/image/15120fbb157873832c339c8f7cbaa3bce691f451', 'width': 640}, {'height': 320, 'url': 'https://i.scdn.co/image/d50e4c29fbb3e8ade8b2419daf3468b371ca0fb6', 'width': 320}, {'height': 160, 'url': 'https://i.scdn.co/image/f0e7f6ec1be9dbd68460fac720070c8f048c4385', 'width': 160}]",Dr. Dog,65,artist,spotify:artist:4mLJ3XfOM5FPjSAWdQ2Jk7,https://open.spotify.com/artist/4mLJ3XfOM5FPjSAWdQ2Jk7,,314465
39,[],https://api.spotify.com/v1/artists/3uL9a8QRwQ6J8Sc7NYK7oJ,3uL9a8QRwQ6J8Sc7NYK7oJ,"[{'height': 640, 'url': 'https://i.scdn.co/image/865503ad40c8f2feb384285afbc32a8454ea983d', 'width': 640}, {'height': 320, 'url': 'https://i.scdn.co/image/a573834c095ff5656e3594ddc002780862d80c7a', 'width': 320}, {'height': 160, 'url': 'https://i.scdn.co/image/749ba3e16975349f7dd0ca9b98b4669d7c8b24e3', 'width': 160}]",dj poolboi,49,artist,spotify:artist:3uL9a8QRwQ6J8Sc7NYK7oJ,https://open.spotify.com/artist/3uL9a8QRwQ6J8Sc7NYK7oJ,,15702
40,"['conscious hip hop', 'hip hop', 'north carolina hip hop', 'pop rap', 'rap']",https://api.spotify.com/v1/artists/6l3HvQ5sa6mXTsMTB19rO5,6l3HvQ5sa6mXTsMTB19rO5,"[{'height': 640, 'url': 'https://i.scdn.co/image/1e9eeefb2c94579150fc37916e8319b975ec8a52', 'width': 640}, {'height': 320, 'url': 'https://i.scdn.co/image/e021db512f24f1b9aafad580db7408863346e9cf', 'width': 320}, {'height': 160, 'url': 'https://i.scdn.co/image/35c726dfde2a3d5545a8b6cbe9cfeaaea3666764', 'width': 160}]",J. Cole,89,artist,spotify:artist:6l3HvQ5sa6mXTsMTB19rO5,https://open.spotify.com/artist/6l3HvQ5sa6mXTsMTB19rO5,,11141303
41,['reggae rock'],https://api.spotify.com/v1/artists/2WjvvwAX0mdWwq3aFuUdtc,2WjvvwAX0mdWwq3aFuUdtc,"[{'height': 640, 'url': 'https://i.scdn.co/image/41931c5b81e06cef281968c7f3c74d1ab44bdcf4', 'width': 640}, {'height': 320, 'url': 'https://i.scdn.co/image/7be724aecd841b2f214d996f9441cf5829460832', 'width': 320}, {'height': 160, 'url': 'https://i.scdn.co/image/4ee190ddd6a33e340bff33c743f29ecda3b75b0c', 'width': 160}]",Rebelution,71,artist,spotify:artist:2WjvvwAX0mdWwq3aFuUdtc,https://open.spotify.com/artist/2WjvvwAX0mdWwq3aFuUdtc,,590665
42,"['indie garage rock', 'neo-psychedelic']",https://api.spotify.com/v1/artists/66riSKDVOc3vPkeyju0q0o,66riSKDVOc3vPkeyju0q0o,"[{'height': 640, 'url': 'https://i.scdn.co/image/ab67616d0000b2730531153fccbbc988b6e4f38e', 'width': 640}, {'height': 300, 'url': 'https://i.scdn.co/image/ab67616d00001e020531153fccbbc988b6e4f38e', 'width': 300}, {'height': 64, 'url': 'https://i.scdn.co/image/ab67616d000048510531153fccbbc988b6e4f38e', 'width': 64}]",Moses Gunn Collective,49,artist,spotify:artist:66riSKDVOc3vPkeyju0q0o,https://open.spotify.com/artist/66riSKDVOc3vPkeyju0q0o,,41816
43,"['chillhop', 'jazz boom bap']",https://api.spotify.com/v1/artists/2oJgWr3LkpO9g9NyL8hiOJ,2oJgWr3LkpO9g9NyL8hiOJ,"[{'height': 640, 'url': 'https://i.scdn.co/image/0d174759d5946dec44b3c7b3612051dcc1cb0eeb', 'width': 640}, {'height': 320, 'url': 'https://i.scdn.co/image/5a00fc791ef8628da63090ebba6cca60cebb5a70', 'width': 320}, {'height': 160, 'url': 'https://i.scdn.co/image/e810245a3120d8d4b0a4a38d714d142e30048e23', 'width': 160}]",DJ Grumble,43,artist,spotify:artist:2oJgWr3LkpO9g9NyL8hiOJ,https://open.spotify.com/artist/2oJgWr3LkpO9g9NyL8hiOJ,,9301
44,"['edm', 'indie electropop', 'indie poptimism', 'pop edm', 'tropical house']",https://api.spotify.com/v1/artists/2KPQ6PYAZapLEwMmkzbQxC,2KPQ6PYAZapLEwMmkzbQxC,"[{'height': 640, 'url': 'https://i.scdn.co/image/b07e593b4086736e33f271a05d50b37b27dfe55b', 'width': 640}, {'height': 320, 'url': 'https://i.scdn.co/image/39b0377a119a7816018568073deeb3b81aad09ec', 'width': 320}, {'height': 160, 'url': 'https://i.scdn.co/image/77737ae029f551ffa8284a1b115aa035782d3108', 'width': 160}]",Win and Woo,53,artist,spotify:artist:2KPQ6PYAZapLEwMmkzbQxC,https://open.spotify.com/artist/2KPQ6PYAZapLEwMmkzbQxC,,37908
45,"['edm', 'pop', 'tropical house']",https://api.spotify.com/v1/artists/23fqKkggKUBHNkbKtXEls4,23fqKkggKUBHNkbKtXEls4,"[{'height': 640, 'url': 'https://i.scdn.co/image/eee84c026e93f6d970fdc82c5010c45219530577', 'width': 640}, {'height': 320, 'url': 'https://i.scdn.co/image/88aed04adde2b3bdab332abb9b9d071d1fbe1701', 'width': 320}, {'height': 160, 'url': 'https://i.scdn.co/image/750bda7060bd0b22a9a2fb65e27f05120a0d056e', 'width': 160}]",Kygo,91,artist,spotify:artist:23fqKkggKUBHNkbKtXEls4,https://open.spotify.com/artist/23fqKkggKUBHNkbKtXEls4,,6461487
46,"['edm', 'electropop', 'indie poptimism', 'indietronica', 'pop edm', 'tropical house', 'vapor soul', 'vapor twitch']",https://api.spotify.com/v1/artists/24V5UY0nChKpnb1TBPJhCw,24V5UY0nChKpnb1TBPJhCw,"[{'height': 640, 'url': 'https://i.scdn.co/image/d6221b39ca6a79d909a59ccb02a2652611b00cdb', 'width': 640}, {'height': 320, 'url': 'https://i.scdn.co/image/a6456f20a65006419ad7e8a9122426127c3aa31f', 'width': 320}, {'height': 160, 'url': 'https://i.scdn.co/image/3cd60d5a6e3bfbaa2f651c4f580709fbfaecf87a', 'width': 160}]",Jai Wolf,65,artist,spotify:artist:24V5UY0nChKpnb1TBPJhCw,https://open.spotify.com/artist/24V5UY0nChKpnb1TBPJhCw,,204193
47,"['hip hop', 'pittsburgh rap', 'pop rap', 'rap']",https://api.spotify.com/v1/artists/4LLpKhyESsyAXpc4laK94U,4LLpKhyESsyAXpc4laK94U,"[{'height': 640, 'url': 'https://i.scdn.co/image/ed63d93ec5348edc9cdf85c97179bbc78cd57292', 'width': 640}, {'height': 320, 'url': 'https://i.scdn.co/image/fc5a96c07e5405d083bdce4da9e23990a3e6002f', 'width': 320}, {'height': 160, 'url': 'https://i.scdn.co/image/67a39ada83e4dc3e4690e361e9dc91dd702ea2ee', 'width': 160}]",Mac Miller,87,artist,spotify:artist:4LLpKhyESsyAXpc4laK94U,https://open.spotify.com/artist/4LLpKhyESsyAXpc4laK94U,,4490046
48,"['australian indie folk', 'folk-pop', 'indie anthem-folk', 'indie folk', 'stomp and holler']",https://api.spotify.com/v1/artists/6cSxzHrQgGc4I4Ck5Gewej,6cSxzHrQgGc4I4Ck5Gewej,"[{'height': 640, 'url': 'https://i.scdn.co/image/2c63a0c0758ce371a20d92ca2c6b94cefb4d683c', 'width': 640}, {'height': 320, 'url': 'https://i.scdn.co/image/092ee83cbcd5b92dff418b9eb195afad48de519d', 'width': 320}, {'height': 160, 'url': 'https://i.scdn.co/image/a8d66ea0bcee02e7f97a98fd7fb9fa3eb66ced1b', 'width': 160}]",Sons Of The East,57,artist,spotify:artist:6cSxzHrQgGc4I4Ck5Gewej,https://open.spotify.com/artist/6cSxzHrQgGc4I4Ck5Gewej,,92633
49,"['electronica', 'future garage', 'indie soul']",https://api.spotify.com/v1/artists/7zrkALJ9ayRjzysp4QYoEg,7zrkALJ9ayRjzysp4QYoEg,"[{'height': 640, 'url': 'https://i.scdn.co/image/1294a548ccadf00500f3524e7fa64434cf2fa6f5', 'width': 640}, {'height': 320, 'url': 'https://i.scdn.co/image/38bea254aa0f766edc813d6f08261d5fdef8cafa', 'width': 320}, {'height': 160, 'url': 'https://i.scdn.co/image/d2f6e76efff9f24525629b68585680c8006cc61e', 'width': 160}]",Maribou State,69,artist,spotify:artist:7zrkALJ9ayRjzysp4QYoEg,https://open.spotify.com/artist/7zrkALJ9ayRjzysp4QYoEg,,204472
